id,category,role,difficulty,temperature,por,por_fired,delta_e,delta_e_core,delta_e_full,delta_e_summary,grv_top,backend
q001,ugh_theory,test,medium,0.0,0.2353,False,0.834,0.8554,0.834,0.9381,誠実,tfidf-char-ngram
q001,ugh_theory,test,medium,0.7,0.258,False,0.8531,0.8293,0.8531,0.9313,誠実,tfidf-char-ngram
q001,ugh_theory,test,medium,1.0,0.2143,False,0.8083,0.8316,0.8083,0.9559,誠実,tfidf-char-ngram
q002,ugh_theory,test,hard,0.0,0.2143,False,0.8651,0.8993,0.8651,0.9113,表現,tfidf-char-ngram
q002,ugh_theory,test,hard,0.7,0.2184,False,0.8063,0.8625,0.8063,0.9139,特定,tfidf-char-ngram
q002,ugh_theory,test,hard,1.0,0.1829,False,0.8639,0.9251,0.8639,0.8996,特定,tfidf-char-ngram
q003,ugh_theory,test,medium,0.0,0.4659,False,0.9533,0.8669,0.9533,0.9297,ずしも,tfidf-char-ngram
q003,ugh_theory,test,medium,0.7,0.3208,False,0.9299,0.8207,0.9299,0.9109,正確,tfidf-char-ngram
q003,ugh_theory,test,medium,1.0,0.3608,False,0.9295,0.8248,0.9295,0.8787,ズレ,tfidf-char-ngram
q004,ugh_theory,test,hard,0.0,0.5024,False,0.8064,0.7401,0.8064,0.8167,UGHer,tfidf-char-ngram
q004,ugh_theory,test,hard,0.7,0.5099,False,0.793,0.7172,0.793,0.931,UGHer,tfidf-char-ngram
q004,ugh_theory,test,hard,1.0,0.5118,False,0.8124,0.7532,0.8124,0.8873,必要,tfidf-char-ngram
q023,ugh_theory,test,medium,0.0,0.4809,False,0.5207,0.4078,0.5207,0.7228,類似性,tfidf-char-ngram
q023,ugh_theory,test,medium,0.7,0.5179,False,0.5453,0.4414,0.5453,0.7788,テキスト,tfidf-char-ngram
q023,ugh_theory,test,medium,1.0,0.4529,False,0.5433,0.4909,0.5433,0.7364,テキスト,tfidf-char-ngram
q024,ugh_theory,test,medium,0.0,0.609,False,0.8562,0.8643,0.8562,0.9588,プロンプト,tfidf-char-ngram
q024,ugh_theory,test,medium,0.7,0.572,False,0.8533,0.8201,0.8533,0.9508,プロンプト,tfidf-char-ngram
q024,ugh_theory,test,medium,1.0,0.4445,False,0.8052,0.8345,0.8052,0.8842,構造化,tfidf-char-ngram
q025,ugh_theory,test,hard,0.0,0.4343,False,0.7026,0.7924,0.7026,0.8217,モデル,tfidf-char-ngram
q025,ugh_theory,test,hard,0.7,0.4668,False,0.78,0.8274,0.78,0.8618,モデル,tfidf-char-ngram
q025,ugh_theory,test,hard,1.0,0.3439,False,0.7313,0.7956,0.7313,0.8954,モデル,tfidf-char-ngram
q026,ugh_theory,test,medium,0.0,0.2742,False,0.8914,0.9351,0.8914,0.9793,閾値,tfidf-char-ngram
q026,ugh_theory,test,medium,0.7,0.2933,False,0.8909,0.9336,0.8909,0.9579,閾値,tfidf-char-ngram
q026,ugh_theory,test,medium,1.0,0.3191,False,0.8629,0.8801,0.8629,0.926,必要,tfidf-char-ngram
q027,ugh_theory,test,hard,0.0,0.4746,False,0.7038,0.9856,0.7038,0.9891,Mesh,tfidf-char-ngram
q027,ugh_theory,test,hard,0.7,0.3937,False,0.8079,0.9788,0.8079,0.9941,説明,tfidf-char-ngram
q027,ugh_theory,test,hard,1.0,0.4249,False,0.7522,0.969,0.7522,0.998,Mesh,tfidf-char-ngram
q028,ugh_theory,test,medium,0.0,0.6417,False,0.7567,0.989,0.7567,1.0,要約,tfidf-char-ngram
q028,ugh_theory,test,medium,0.7,0.415,False,0.7252,0.9969,0.7252,1.0,要約,tfidf-char-ngram
q028,ugh_theory,test,medium,1.0,0.6206,False,0.761,1.0,0.761,1.0,要約,tfidf-char-ngram
q029,ugh_theory,test,hard,0.0,0.3609,False,0.6945,0.9282,0.6945,0.9264,意味,tfidf-char-ngram
q029,ugh_theory,test,hard,0.7,0.4028,False,0.6625,0.9007,0.6625,0.9234,意味,tfidf-char-ngram
q029,ugh_theory,test,hard,1.0,0.3338,False,0.675,0.9102,0.675,0.9301,概念,tfidf-char-ngram
q030,ugh_theory,test,medium,0.0,0.2064,False,0.895,0.9388,0.895,0.9767,安全性,tfidf-char-ngram
q030,ugh_theory,test,medium,0.7,0.253,False,0.8747,0.9517,0.8747,0.9762,組織,tfidf-char-ngram
q030,ugh_theory,test,medium,1.0,0.1889,False,0.9249,0.9639,0.9249,0.9807,安全性,tfidf-char-ngram
q031,ugh_theory,baseline,easy,0.0,0.4534,False,0.9756,0.9715,0.9756,1.0,フレームワーク,tfidf-char-ngram
q031,ugh_theory,baseline,easy,0.7,0.4439,False,0.9726,0.9963,0.9726,0.9967,フレームワーク,tfidf-char-ngram
q031,ugh_theory,baseline,easy,1.0,0.3826,False,0.9543,0.9651,0.9543,1.0,フレームワーク,tfidf-char-ngram
q032,ugh_theory,test,hard,0.0,0.3673,False,0.7764,0.9544,0.7764,0.9727,言語,tfidf-char-ngram
q032,ugh_theory,test,hard,0.7,0.4297,False,0.8251,0.9597,0.8251,0.9957,指標,tfidf-char-ngram
q032,ugh_theory,test,hard,1.0,0.3921,False,0.8299,0.9297,0.8299,0.9379,指標,tfidf-char-ngram
q033,ugh_theory,test,medium,0.0,0.3449,False,0.6771,0.8705,0.6771,0.9721,データ,tfidf-char-ngram
q033,ugh_theory,test,medium,0.7,0.4102,False,0.5545,0.6844,0.5545,0.9419,共振,tfidf-char-ngram
q033,ugh_theory,test,medium,1.0,0.3156,False,0.6045,0.7419,0.6045,0.9562,共振,tfidf-char-ngram
q034,ugh_theory,test,hard,0.0,0.5217,False,0.7267,0.69,0.7267,0.9388,監査,tfidf-char-ngram
q034,ugh_theory,test,hard,0.7,0.5387,False,0.6846,0.6707,0.6846,0.9325,監査,tfidf-char-ngram
q034,ugh_theory,test,hard,1.0,0.4237,False,0.7525,0.6823,0.7525,0.9525,監査,tfidf-char-ngram
q035,ugh_theory,test,medium,0.0,0.5543,False,0.8012,0.9031,0.8012,0.9773,データ,tfidf-char-ngram
q035,ugh_theory,test,medium,0.7,0.3835,False,0.7821,0.8329,0.7821,0.9748,PoR,tfidf-char-ngram
q035,ugh_theory,test,medium,1.0,0.3702,False,0.8521,0.9752,0.8521,0.9874,限界,tfidf-char-ngram
q036,ugh_theory,test,medium,0.0,0.3377,False,0.9442,0.9615,0.9442,0.9777,生成,tfidf-char-ngram
q036,ugh_theory,test,medium,0.7,0.3842,False,0.9584,0.9734,0.9584,0.9488,評価,tfidf-char-ngram
q036,ugh_theory,test,medium,1.0,0.5678,False,0.923,0.928,0.923,0.9575,フレームワーク,tfidf-char-ngram
q005,technical_ai,baseline,easy,0.0,0.672,False,0.5749,0.7692,0.5749,0.8971,自己注意機構,tfidf-char-ngram
q005,technical_ai,baseline,easy,0.7,0.6754,False,0.6546,0.7904,0.6546,0.9081,トークン,tfidf-char-ngram
q005,technical_ai,baseline,easy,1.0,0.521,False,0.5413,0.7856,0.5413,0.9158,トークン,tfidf-char-ngram
q006,technical_ai,test,medium,0.0,0.4275,False,0.7187,0.8918,0.7187,0.9627,モデル,tfidf-char-ngram
q006,technical_ai,test,medium,0.7,0.5705,False,0.6815,0.8843,0.6815,0.9317,モデル,tfidf-char-ngram
q006,technical_ai,test,medium,1.0,0.3942,False,0.7247,0.8875,0.7247,0.9464,モデル,tfidf-char-ngram
q007,technical_ai,test,medium,0.0,0.5247,False,0.8329,0.8933,0.8329,0.9866,意味,tfidf-char-ngram
q007,technical_ai,test,medium,0.7,0.5713,False,0.8334,0.9254,0.8334,0.9553,意味,tfidf-char-ngram
q007,technical_ai,test,medium,1.0,0.6123,False,0.8132,0.8911,0.8132,0.968,意味,tfidf-char-ngram
q008,technical_ai,test,hard,0.0,0.6005,False,0.5961,0.9837,0.5961,0.9988,モデル,tfidf-char-ngram
q008,technical_ai,test,hard,0.7,0.5564,False,0.6069,0.9858,0.6069,1.0,スケーリング,tfidf-char-ngram
q008,technical_ai,test,hard,1.0,0.582,False,0.6281,0.9886,0.6281,0.9965,モデル,tfidf-char-ngram
q037,technical_ai,test,medium,0.0,0.6904,False,0.2731,0.8363,0.2731,0.8953,トークナイゼーション,tfidf-char-ngram
q037,technical_ai,test,medium,0.7,0.68,False,0.2926,0.8256,0.2926,0.9306,モデル,tfidf-char-ngram
q037,technical_ai,test,medium,1.0,0.6809,False,0.3032,0.7981,0.3032,0.9185,トークナイゼーション,tfidf-char-ngram
q038,technical_ai,test,medium,0.0,0.531,False,0.7606,0.8312,0.7606,0.8603,モデル,tfidf-char-ngram
q038,technical_ai,test,medium,0.7,0.4783,False,0.7768,0.7861,0.7768,0.8452,モデル,tfidf-char-ngram
q038,technical_ai,test,medium,1.0,0.3833,False,0.8005,0.8245,0.8005,0.9416,モデル,tfidf-char-ngram
q039,technical_ai,test,medium,0.0,0.2627,False,0.7557,0.9435,0.7557,0.9647,MoE,tfidf-char-ngram
q039,technical_ai,test,medium,0.7,0.2251,False,0.7799,0.9523,0.7799,0.9782,モデル,tfidf-char-ngram
q039,technical_ai,test,medium,1.0,0.2557,False,0.658,0.9502,0.658,0.9716,専門家,tfidf-char-ngram
q040,technical_ai,test,medium,0.0,0.3681,False,0.8247,0.9734,0.8247,0.9981,モデル,tfidf-char-ngram
q040,technical_ai,test,medium,0.7,0.4095,False,0.881,0.989,0.881,0.9981,モデル,tfidf-char-ngram
q040,technical_ai,test,medium,1.0,0.3541,False,0.8291,0.9809,0.8291,0.998,モデル,tfidf-char-ngram
q041,technical_ai,test,hard,0.0,0.4759,False,0.8736,0.89,0.8736,0.9024,モデル,tfidf-char-ngram
q041,technical_ai,test,hard,0.7,0.5208,False,0.8965,0.9156,0.8965,0.9749,モデル,tfidf-char-ngram
q041,technical_ai,test,hard,1.0,0.4372,False,0.8367,0.7937,0.8367,0.8938,モデル,tfidf-char-ngram
q042,technical_ai,test,hard,0.0,0.5161,False,0.79,0.907,0.79,0.9473,モデル,tfidf-char-ngram
q042,technical_ai,test,hard,0.7,0.4525,False,0.8591,0.9191,0.8591,0.9598,モデル,tfidf-char-ngram
q042,technical_ai,test,hard,1.0,0.5278,False,0.8217,0.865,0.8217,0.9284,LLM,tfidf-char-ngram
q043,technical_ai,baseline,easy,0.0,0.4938,False,0.5725,0.968,0.5725,0.998,モデル,tfidf-char-ngram
q043,technical_ai,baseline,easy,0.7,0.6332,False,0.4156,0.9268,0.4156,1.0,モデル,tfidf-char-ngram
q043,technical_ai,baseline,easy,1.0,0.6029,False,0.5338,0.9831,0.5338,0.9976,モデル,tfidf-char-ngram
q044,technical_ai,test,medium,0.0,0.5857,False,0.5985,0.9697,0.5985,0.9888,理解,tfidf-char-ngram
q044,technical_ai,test,medium,0.7,0.5926,False,0.644,0.9425,0.644,0.9891,理解,tfidf-char-ngram
q044,technical_ai,test,medium,1.0,0.6043,False,0.6992,0.9476,0.6992,0.9904,テキスト,tfidf-char-ngram
q045,technical_ai,test,hard,0.0,0.7041,False,0.4845,0.9614,0.4845,0.9841,情報,tfidf-char-ngram
q045,technical_ai,test,hard,0.7,0.7337,False,0.4941,0.9161,0.4941,0.9866,モデル,tfidf-char-ngram
q045,technical_ai,test,hard,1.0,0.6593,False,0.5623,0.9782,0.5623,0.9926,モデル,tfidf-char-ngram
q046,technical_ai,test,medium,0.0,0.4588,False,0.7616,0.9468,0.7616,0.9677,モデル,tfidf-char-ngram
q046,technical_ai,test,medium,0.7,0.4681,False,0.7235,0.9056,0.7235,0.9661,モデル,tfidf-char-ngram
q046,technical_ai,test,medium,1.0,0.5131,False,0.7191,0.8943,0.7191,0.9664,モデル,tfidf-char-ngram
q047,technical_ai,test,medium,0.0,0.7433,False,0.6308,0.9601,0.6308,0.9928,データ,tfidf-char-ngram
q047,technical_ai,test,medium,0.7,0.6133,False,0.5154,0.9855,0.5154,0.9616,データ,tfidf-char-ngram
q047,technical_ai,test,medium,1.0,0.5047,False,0.5237,0.974,0.5237,1.0,データ,tfidf-char-ngram
q048,technical_ai,test,hard,0.0,0.4661,False,0.6704,0.9714,0.6704,1.0,モデル,tfidf-char-ngram
q048,technical_ai,test,hard,0.7,0.5011,False,0.6437,0.9821,0.6437,0.9933,モデル,tfidf-char-ngram
q048,technical_ai,test,hard,1.0,0.5451,False,0.6115,0.9742,0.6115,0.9969,モデル,tfidf-char-ngram
q049,technical_ai,test,medium,0.0,0.4162,False,0.5781,0.6531,0.5781,0.8216,注意重,tfidf-char-ngram
q049,technical_ai,test,medium,0.7,0.4401,False,0.5516,0.5936,0.5516,0.8634,注意重,tfidf-char-ngram
q049,technical_ai,test,medium,1.0,0.4292,False,0.5952,0.6358,0.5952,0.8985,モデル,tfidf-char-ngram
q050,technical_ai,test,medium,0.0,0.7034,False,0.5826,0.9702,0.5826,0.9837,スパースアテンション,tfidf-char-ngram
q050,technical_ai,test,medium,0.7,0.6264,False,0.558,0.9712,0.558,0.9789,スパースアテンション,tfidf-char-ngram
q050,technical_ai,test,medium,1.0,0.5836,False,0.6232,0.9724,0.6232,0.9821,スパースアテンション,tfidf-char-ngram
q009,ai_philosophy,test,medium,0.0,0.4533,False,0.7335,0.9735,0.7335,0.945,創造性,tfidf-char-ngram
q009,ai_philosophy,test,medium,0.7,0.3651,False,0.7647,0.9958,0.7647,1.0,創造性,tfidf-char-ngram
q009,ai_philosophy,test,medium,1.0,0.412,False,0.7326,0.9721,0.7326,0.9526,人間,tfidf-char-ngram
q010,ai_philosophy,test,hard,0.0,0.3745,False,0.6614,0.8762,0.6614,0.9536,理解,tfidf-char-ngram
q010,ai_philosophy,test,hard,0.7,0.3743,False,0.6305,0.8513,0.6305,0.9572,理解,tfidf-char-ngram
q010,ai_philosophy,test,hard,1.0,0.2615,False,0.5984,0.8023,0.5984,0.9711,理解,tfidf-char-ngram
q011,ai_philosophy,test,medium,0.0,0.4368,False,0.772,0.9197,0.772,0.9679,意図,tfidf-char-ngram
q011,ai_philosophy,test,medium,0.7,0.3963,False,0.7645,0.9151,0.7645,0.9574,意図,tfidf-char-ngram
q011,ai_philosophy,test,medium,1.0,0.3603,False,0.8078,0.902,0.8078,0.9628,意図,tfidf-char-ngram
q012,ai_philosophy,test,hard,0.0,0.33,False,0.8268,0.9351,0.8268,0.9786,道具,tfidf-char-ngram
q012,ai_philosophy,test,hard,0.7,0.3187,False,0.8038,0.9093,0.8038,0.9493,道具,tfidf-char-ngram
q012,ai_philosophy,test,hard,1.0,0.3323,False,0.7794,0.9044,0.7794,0.9751,道具,tfidf-char-ngram
q051,ai_philosophy,test,hard,0.0,0.5306,False,0.6967,0.8698,0.6967,0.8923,意識,tfidf-char-ngram
q051,ai_philosophy,test,hard,0.7,0.5079,False,0.7461,0.9395,0.7461,0.9837,意識,tfidf-char-ngram
q051,ai_philosophy,test,hard,1.0,0.4182,False,0.6037,0.8656,0.6037,0.9011,意識,tfidf-char-ngram
q052,ai_philosophy,test,medium,0.0,0.4572,False,0.6523,0.9504,0.6523,0.9961,機能主義,tfidf-char-ngram
q052,ai_philosophy,test,medium,0.7,0.4372,False,0.6883,0.9283,0.6883,0.9912,機能主義,tfidf-char-ngram
q052,ai_philosophy,test,medium,1.0,0.3315,False,0.7476,0.9569,0.7476,0.9912,人間,tfidf-char-ngram
q053,ai_philosophy,test,hard,0.0,0.6515,False,0.5209,0.5627,0.5209,0.7017,意識,tfidf-char-ngram
q053,ai_philosophy,test,hard,0.7,0.6357,False,0.4879,0.5423,0.4879,0.6044,意識,tfidf-char-ngram
q053,ai_philosophy,test,hard,1.0,0.6989,False,0.4324,0.5002,0.4324,0.7041,ハードプロブレム,tfidf-char-ngram
q054,ai_philosophy,test,medium,0.0,0.6549,False,0.6662,0.6017,0.6662,0.8248,道徳的地位,tfidf-char-ngram
q054,ai_philosophy,test,medium,0.7,0.711,False,0.6866,0.6252,0.6866,0.8233,道徳的地位,tfidf-char-ngram
q054,ai_philosophy,test,medium,1.0,0.5313,False,0.663,0.5975,0.663,0.7561,道徳的地位,tfidf-char-ngram
q055,ai_philosophy,test,hard,0.0,0.4273,False,0.5052,0.5843,0.5052,0.9541,同一性,tfidf-char-ngram
q055,ai_philosophy,test,hard,0.7,0.5847,False,0.6085,0.7302,0.6085,0.9211,存在,tfidf-char-ngram
q055,ai_philosophy,test,hard,1.0,0.5112,False,0.6635,0.8175,0.6635,0.8184,存在,tfidf-char-ngram
q056,ai_philosophy,test,medium,0.0,0.4157,False,0.4769,0.6347,0.4769,0.8529,自由意志,tfidf-char-ngram
q056,ai_philosophy,test,medium,0.7,0.4028,False,0.486,0.6074,0.486,0.854,自由意志,tfidf-char-ngram
q056,ai_philosophy,test,medium,1.0,0.3976,False,0.4645,0.64,0.4645,0.8364,自由意志,tfidf-char-ngram
q057,ai_philosophy,test,medium,0.0,0.5072,False,0.8029,0.9471,0.8029,0.9777,理解,tfidf-char-ngram
q057,ai_philosophy,test,medium,0.7,0.4955,False,0.7745,0.9018,0.7745,0.9622,理解,tfidf-char-ngram
q057,ai_philosophy,test,medium,1.0,0.421,False,0.7887,0.9267,0.7887,0.958,概念,tfidf-char-ngram
q058,ai_philosophy,test,medium,0.0,0.4433,False,0.5623,0.8953,0.5623,0.965,意味,tfidf-char-ngram
q058,ai_philosophy,test,medium,0.7,0.4733,False,0.6718,0.9288,0.6718,0.9636,モデル,tfidf-char-ngram
q058,ai_philosophy,test,medium,1.0,0.5028,False,0.6098,0.9205,0.6098,0.9479,モデル,tfidf-char-ngram
q059,ai_philosophy,test,hard,0.0,0.594,False,0.8013,0.9752,0.8013,0.9823,他者,tfidf-char-ngram
q059,ai_philosophy,test,hard,0.7,0.5086,False,0.798,0.9833,0.798,0.9883,他者,tfidf-char-ngram
q059,ai_philosophy,test,hard,1.0,0.5719,False,0.816,0.9697,0.816,0.9911,他者,tfidf-char-ngram
q060,ai_philosophy,test,medium,0.0,0.4339,False,0.7375,0.8341,0.7375,0.8877,美的判断,tfidf-char-ngram
q060,ai_philosophy,test,medium,0.7,0.4929,False,0.7749,0.8428,0.7749,0.8916,美的判断,tfidf-char-ngram
q060,ai_philosophy,test,medium,1.0,0.4639,False,0.792,0.8812,0.792,0.9139,美的判断,tfidf-char-ngram
q061,ai_philosophy,test,medium,0.0,0.4068,False,0.6711,0.8535,0.6711,0.7651,言語,tfidf-char-ngram
q061,ai_philosophy,test,medium,0.7,0.4447,False,0.6089,0.7968,0.6089,0.9183,思考,tfidf-char-ngram
q061,ai_philosophy,test,medium,1.0,0.3502,False,0.6614,0.8304,0.6614,0.9327,思考,tfidf-char-ngram
q062,ai_philosophy,test,hard,0.0,0.6205,False,0.73,0.7997,0.73,0.8814,心的状態,tfidf-char-ngram
q062,ai_philosophy,test,hard,0.7,0.5578,False,0.6812,0.8056,0.6812,0.857,心的状態,tfidf-char-ngram
q062,ai_philosophy,test,hard,1.0,0.5108,False,0.7117,0.8304,0.7117,0.8631,心的状態,tfidf-char-ngram
q063,ai_philosophy,test,medium,0.0,0.5947,False,0.5424,0.8991,0.5424,0.9607,チューリングテスト,tfidf-char-ngram
q063,ai_philosophy,test,medium,0.7,0.5546,False,0.6146,0.927,0.6146,0.9488,知性,tfidf-char-ngram
q063,ai_philosophy,test,medium,1.0,0.5749,False,0.558,0.9067,0.558,0.9153,チューリングテスト,tfidf-char-ngram
q064,ai_philosophy,test,medium,0.0,0.4755,False,0.8638,0.9209,0.8638,0.9679,情報,tfidf-char-ngram
q064,ai_philosophy,test,medium,0.7,0.5309,False,0.7967,0.9223,0.7967,0.9666,をつく,tfidf-char-ngram
q064,ai_philosophy,test,medium,1.0,0.4428,False,0.8758,0.9486,0.8758,0.9786,をつく,tfidf-char-ngram
q013,ai_ethics,baseline,easy,0.0,0.4196,False,0.6488,0.6792,0.6488,0.7739,バイアス,tfidf-char-ngram
q013,ai_ethics,baseline,easy,0.7,0.3644,False,0.7198,0.7736,0.7198,0.8064,バイアス,tfidf-char-ngram
q013,ai_ethics,baseline,easy,1.0,0.3933,False,0.7016,0.7957,0.7016,0.7957,バイアス,tfidf-char-ngram
q014,ai_ethics,test,medium,0.0,0.2778,False,0.7902,0.7794,0.7902,0.8942,信頼性,tfidf-char-ngram
q014,ai_ethics,test,medium,0.7,0.2299,False,0.7384,0.8699,0.7384,0.8947,透明性,tfidf-char-ngram
q014,ai_ethics,test,medium,1.0,0.2093,False,0.7453,0.857,0.7453,0.8286,透明性,tfidf-char-ngram
q015,ai_ethics,test,medium,0.0,0.2439,False,0.8777,0.9479,0.8777,0.9826,責任,tfidf-char-ngram
q015,ai_ethics,test,medium,0.7,0.2139,False,0.8516,0.9255,0.8516,0.9472,責任,tfidf-char-ngram
q015,ai_ethics,test,medium,1.0,0.261,False,0.8468,0.8996,0.8468,0.9322,責任,tfidf-char-ngram
q016,ai_ethics,test,hard,0.0,0.7183,False,0.6969,0.9513,0.6969,0.9641,パターナリスティック,tfidf-char-ngram
q016,ai_ethics,test,hard,0.7,0.6189,False,0.6022,0.954,0.6022,0.9601,アライメント,tfidf-char-ngram
q016,ai_ethics,test,hard,1.0,0.653,False,0.5976,0.9482,0.5976,0.9791,アライメント,tfidf-char-ngram
q065,ai_ethics,test,medium,0.0,0.3482,False,0.7919,0.9645,0.7919,0.9737,技術,tfidf-char-ngram
q065,ai_ethics,test,medium,0.7,0.3234,False,0.7827,0.9477,0.7827,0.9785,技術,tfidf-char-ngram
q065,ai_ethics,test,medium,1.0,0.3773,False,0.8057,0.9883,0.8057,0.9728,技術,tfidf-char-ngram
q066,ai_ethics,test,medium,0.0,0.2582,False,0.8614,0.9963,0.8614,0.9959,判断,tfidf-char-ngram
q066,ai_ethics,test,medium,0.7,0.2482,False,0.8829,0.9767,0.8829,0.9972,システム,tfidf-char-ngram
q066,ai_ethics,test,medium,1.0,0.2647,False,0.8593,0.9889,0.8593,0.9978,判断,tfidf-char-ngram
q067,ai_ethics,test,medium,0.0,0.5216,False,0.7915,0.8866,0.7915,0.979,データ,tfidf-char-ngram
q067,ai_ethics,test,medium,0.7,0.4011,False,0.8231,0.919,0.8231,0.9769,データ,tfidf-char-ngram
q067,ai_ethics,test,medium,1.0,0.4303,False,0.825,0.8677,0.825,0.9766,データ,tfidf-char-ngram
q068,ai_ethics,test,medium,0.0,0.5094,False,0.6501,0.9354,0.6501,0.9793,産業革命期,tfidf-char-ngram
q068,ai_ethics,test,medium,0.7,0.5204,False,0.6552,0.94,0.6552,0.9721,雇用,tfidf-char-ngram
q068,ai_ethics,test,medium,1.0,0.4856,False,0.7232,0.939,0.7232,0.9711,雇用,tfidf-char-ngram
q069,ai_ethics,test,hard,0.0,0.4326,False,0.9275,0.9903,0.9275,0.996,自律型兵器,tfidf-char-ngram
q069,ai_ethics,test,hard,0.7,0.4833,False,0.8858,0.993,0.8858,0.9959,自律型兵器,tfidf-char-ngram
q069,ai_ethics,test,hard,1.0,0.448,False,0.9114,0.9894,0.9114,0.996,自律型兵器,tfidf-char-ngram
q070,ai_ethics,test,medium,0.0,0.3395,False,0.8099,0.8608,0.8099,0.9344,各国,tfidf-char-ngram
q070,ai_ethics,test,medium,0.7,0.3209,False,0.7825,0.8157,0.7825,0.912,各国,tfidf-char-ngram
q070,ai_ethics,test,medium,1.0,0.1647,False,0.8664,0.8803,0.8664,0.9729,各国,tfidf-char-ngram
q071,ai_ethics,test,medium,0.0,0.2656,False,0.5747,0.9589,0.5747,0.9934,エネルギー,tfidf-char-ngram
q071,ai_ethics,test,medium,0.7,0.2719,False,0.6476,0.9541,0.6476,0.9877,環境負荷,tfidf-char-ngram
q071,ai_ethics,test,medium,1.0,0.2931,False,0.652,0.9508,0.652,0.9905,環境,tfidf-char-ngram
q072,ai_ethics,test,hard,0.0,0.4489,False,0.7463,0.9727,0.7463,0.9587,民主主義,tfidf-char-ngram
q072,ai_ethics,test,hard,0.7,0.3725,False,0.7397,0.9786,0.7397,0.986,民主主義,tfidf-char-ngram
q072,ai_ethics,test,hard,1.0,0.2751,False,0.7718,0.9289,0.7718,0.9636,民主主義,tfidf-char-ngram
q073,ai_ethics,test,medium,0.0,0.5748,False,0.9008,1.0,0.9008,1.0,監視技術,tfidf-char-ngram
q073,ai_ethics,test,medium,0.7,0.6041,False,0.9222,1.0,0.9222,1.0,監視技術,tfidf-char-ngram
q073,ai_ethics,test,medium,1.0,0.5624,False,0.9194,1.0,0.9194,1.0,監視技術,tfidf-char-ngram
q074,ai_ethics,test,medium,0.0,0.3816,False,0.8342,0.9385,0.8342,0.961,可能性,tfidf-char-ngram
q074,ai_ethics,test,medium,0.7,0.3667,False,0.8564,0.9325,0.8564,0.9697,拡大,tfidf-char-ngram
q074,ai_ethics,test,medium,1.0,0.3582,False,0.8643,0.946,0.8643,0.9766,技術,tfidf-char-ngram
q075,ai_ethics,test,medium,0.0,0.5961,False,0.5082,0.9553,0.5082,1.0,オープンソース,tfidf-char-ngram
q075,ai_ethics,test,medium,0.7,0.5512,False,0.5865,0.9575,0.5865,1.0,倫理的,tfidf-char-ngram
q075,ai_ethics,test,medium,1.0,0.5566,False,0.5728,0.986,0.5728,0.9978,オープンソース,tfidf-char-ngram
q076,ai_ethics,test,hard,0.0,0.6829,False,0.4446,0.9791,0.4446,0.9741,レッドチーミング,tfidf-char-ngram
q076,ai_ethics,test,hard,0.7,0.6547,False,0.4333,0.9868,0.4333,0.9912,レッドチーミング,tfidf-char-ngram
q076,ai_ethics,test,hard,1.0,0.6446,False,0.4756,0.9239,0.4756,0.9779,レッドチーミング,tfidf-char-ngram
q077,ai_ethics,test,medium,0.0,0.5099,False,0.7114,0.9885,0.7114,1.0,企業,tfidf-char-ngram
q077,ai_ethics,test,medium,0.7,0.4497,False,0.7196,0.986,0.7196,1.0,企業,tfidf-char-ngram
q077,ai_ethics,test,medium,1.0,0.4812,False,0.6747,0.9785,0.6747,1.0,企業,tfidf-char-ngram
q078,ai_ethics,test,medium,0.0,0.6049,False,0.5209,0.9088,0.5209,0.9291,規制,tfidf-char-ngram
q078,ai_ethics,test,medium,0.7,0.4461,False,0.5312,0.8979,0.5312,0.9255,規制,tfidf-char-ngram
q078,ai_ethics,test,medium,1.0,0.4674,False,0.598,0.9115,0.598,0.9383,規制,tfidf-char-ngram
q017,epistemology,test,medium,0.0,0.4614,False,0.7923,0.8482,0.7923,0.9529,知識,tfidf-char-ngram
q017,epistemology,test,medium,0.7,0.5188,False,0.7883,0.8913,0.7883,0.9869,知識,tfidf-char-ngram
q017,epistemology,test,medium,1.0,0.5103,False,0.8277,0.9079,0.8277,0.9841,知識,tfidf-char-ngram
q018,epistemology,test,hard,0.0,0.3652,False,0.7443,0.8959,0.7443,0.8328,出力,tfidf-char-ngram
q018,epistemology,test,hard,0.7,0.5156,False,0.7363,0.9172,0.7363,0.9093,知識,tfidf-char-ngram
q018,epistemology,test,hard,1.0,0.5176,False,0.7926,0.9274,0.7926,0.9118,知識,tfidf-char-ngram
q019,epistemology,test,medium,0.0,0.6849,False,0.4539,0.9448,0.4539,0.9565,コンセンサス,tfidf-char-ngram
q019,epistemology,test,medium,0.7,0.7234,False,0.4247,0.9473,0.4247,0.9865,コンセンサス,tfidf-char-ngram
q019,epistemology,test,medium,1.0,0.646,False,0.4935,0.9174,0.4935,0.9768,真実,tfidf-char-ngram
q020,epistemology,test,hard,0.0,0.2568,False,0.5493,0.6515,0.5493,0.7825,客観性,tfidf-char-ngram
q020,epistemology,test,hard,0.7,0.2348,False,0.6305,0.7432,0.6305,0.8469,客観性,tfidf-char-ngram
q020,epistemology,test,hard,1.0,0.2429,False,0.6084,0.7271,0.6084,0.7768,客観性,tfidf-char-ngram
q079,epistemology,test,medium,0.0,0.5001,False,0.7109,0.8846,0.7109,0.9387,判断,tfidf-char-ngram
q079,epistemology,test,medium,0.7,0.5871,False,0.7089,0.8711,0.7089,0.9578,信頼,tfidf-char-ngram
q079,epistemology,test,medium,1.0,0.4463,False,0.7644,0.8877,0.7644,0.9648,信頼,tfidf-char-ngram
q080,epistemology,test,hard,0.0,0.3458,False,0.7252,0.7563,0.7252,0.8436,証言,tfidf-char-ngram
q080,epistemology,test,hard,0.7,0.3763,False,0.7183,0.7579,0.7183,0.9295,証言,tfidf-char-ngram
q080,epistemology,test,hard,1.0,0.3723,False,0.7626,0.7976,0.7626,0.8758,出力,tfidf-char-ngram
q081,epistemology,test,medium,0.0,0.1965,False,0.8368,0.8866,0.8368,0.9262,情報,tfidf-char-ngram
q081,epistemology,test,medium,0.7,0.2917,False,0.8637,0.9715,0.8637,0.9899,過信,tfidf-char-ngram
q081,epistemology,test,medium,1.0,0.2066,False,0.8297,0.9072,0.8297,0.9762,問題,tfidf-char-ngram
q082,epistemology,test,medium,0.0,0.4283,False,0.6543,0.8872,0.6543,0.9638,認識的,tfidf-char-ngram
q082,epistemology,test,medium,0.7,0.4558,False,0.6549,0.9141,0.6549,0.9679,認識的,tfidf-char-ngram
q082,epistemology,test,medium,1.0,0.409,False,0.6876,0.9445,0.6876,0.9566,バブル,tfidf-char-ngram
q083,epistemology,test,medium,0.0,0.5578,False,0.59,0.7654,0.59,0.8899,正当化,tfidf-char-ngram
q083,epistemology,test,medium,0.7,0.5832,False,0.6051,0.7851,0.6051,0.9527,正当化,tfidf-char-ngram
q083,epistemology,test,medium,1.0,0.6041,False,0.7091,0.8017,0.7091,0.9591,正当化,tfidf-char-ngram
q084,epistemology,test,hard,0.0,0.2836,False,0.7571,0.8877,0.7571,0.9098,知識,tfidf-char-ngram
q084,epistemology,test,hard,0.7,0.3008,False,0.7891,0.888,0.7891,0.9336,情報,tfidf-char-ngram
q084,epistemology,test,hard,1.0,0.3311,False,0.6191,0.8177,0.6191,0.9047,情報,tfidf-char-ngram
q085,epistemology,test,medium,0.0,0.4133,False,0.6366,0.9141,0.6366,0.934,データ,tfidf-char-ngram
q085,epistemology,test,medium,0.7,0.368,False,0.6857,0.9139,0.6857,0.9084,データ,tfidf-char-ngram
q085,epistemology,test,medium,1.0,0.5267,False,0.612,0.8928,0.612,0.9504,問題,tfidf-char-ngram
q086,epistemology,test,medium,0.0,0.5174,False,0.6101,0.9826,0.6101,0.9804,ベイズ,tfidf-char-ngram
q086,epistemology,test,medium,0.7,0.5003,False,0.5985,0.969,0.5985,0.9795,ベイズ,tfidf-char-ngram
q086,epistemology,test,medium,1.0,0.4032,False,0.711,0.972,0.711,0.991,ベイズ,tfidf-char-ngram
q087,epistemology,test,hard,0.0,0.3012,False,0.644,0.7277,0.644,0.9257,暗黙知,tfidf-char-ngram
q087,epistemology,test,hard,0.7,0.2961,False,0.6481,0.7422,0.6481,0.8708,暗黙知,tfidf-char-ngram
q087,epistemology,test,hard,1.0,0.2835,False,0.6277,0.741,0.6277,0.899,暗黙知,tfidf-char-ngram
q088,epistemology,test,medium,0.0,0.3476,False,0.6471,0.795,0.6471,0.8428,づいて,tfidf-char-ngram
q088,epistemology,test,medium,0.7,0.5035,False,0.5729,0.7325,0.5729,0.8633,限界,tfidf-char-ngram
q088,epistemology,test,medium,1.0,0.3866,False,0.6119,0.7136,0.6119,0.8671,認識的謙虚,tfidf-char-ngram
q021,adversarial,test,hard,0.0,0.3371,False,0.8572,0.9134,0.8572,0.9228,モデル,tfidf-char-ngram
q021,adversarial,test,hard,0.7,0.2445,False,0.8806,0.9611,0.8806,0.9556,幻覚,tfidf-char-ngram
q021,adversarial,test,hard,1.0,0.4936,False,0.9304,0.9815,0.9304,0.9862,幻覚,tfidf-char-ngram
q022,adversarial,test,hard,0.0,0.5148,False,0.6643,0.9833,0.6643,0.997,ディープラーニング,tfidf-char-ngram
q022,adversarial,test,hard,0.7,0.5214,False,0.6769,0.9964,0.6769,1.0,データ,tfidf-char-ngram
q022,adversarial,test,hard,1.0,0.4197,False,0.7323,0.9889,0.7323,0.9864,データ,tfidf-char-ngram
q089,adversarial,test,hard,0.0,0.4548,False,0.7582,0.6751,0.7582,0.7698,説明責任,tfidf-char-ngram
q089,adversarial,test,hard,0.7,0.3942,False,0.6942,0.6971,0.6942,0.8612,説明責任,tfidf-char-ngram
q089,adversarial,test,hard,1.0,0.2795,False,0.7745,0.7852,0.7745,0.818,説明責任,tfidf-char-ngram
q090,adversarial,test,hard,0.0,0.5645,False,0.6543,0.9435,0.6543,0.9873,意識,tfidf-char-ngram
q090,adversarial,test,hard,0.7,0.3879,False,0.7178,0.9539,0.7178,0.9809,意識,tfidf-char-ngram
q090,adversarial,test,hard,1.0,0.3896,False,0.6718,0.977,0.6718,0.9818,意識,tfidf-char-ngram
q091,adversarial,test,hard,0.0,0.6033,False,0.5126,0.7337,0.5126,0.8853,オープンソース,tfidf-char-ngram
q091,adversarial,test,hard,0.7,0.6191,False,0.4962,0.7187,0.4962,0.8892,オープンソース,tfidf-char-ngram
q091,adversarial,test,hard,1.0,0.5736,False,0.5406,0.7685,0.5406,0.8692,オープンソース,tfidf-char-ngram
q092,adversarial,test,hard,0.0,0.2219,False,0.8293,0.9211,0.8293,0.8167,権利,tfidf-char-ngram
q092,adversarial,test,hard,0.7,0.2008,False,0.8104,0.9085,0.8104,0.7852,人間,tfidf-char-ngram
q092,adversarial,test,hard,1.0,0.1309,False,0.818,0.9561,0.818,0.9736,人間,tfidf-char-ngram
q093,adversarial,test,hard,0.0,0.2893,False,0.6665,0.6733,0.6665,0.735,規制,tfidf-char-ngram
q093,adversarial,test,hard,0.7,0.2738,False,0.6872,0.7018,0.6872,0.7545,規制,tfidf-char-ngram
q093,adversarial,test,hard,1.0,0.3959,False,0.5301,0.561,0.5301,0.6168,規制,tfidf-char-ngram
q094,adversarial,test,hard,0.0,0.4302,False,0.8473,0.9913,0.8473,0.9959,科学者,tfidf-char-ngram
q094,adversarial,test,hard,0.7,0.3937,False,0.8457,0.9847,0.8457,1.0,科学者,tfidf-char-ngram
q094,adversarial,test,hard,1.0,0.3276,False,0.8503,0.9872,0.8503,0.9978,科学者,tfidf-char-ngram
q095,adversarial,test,hard,0.0,0.2389,False,0.6943,0.9813,0.6943,0.9949,バイアス,tfidf-char-ngram
q095,adversarial,test,hard,0.7,0.2214,False,0.7722,0.9746,0.7722,0.989,バイアス,tfidf-char-ngram
q095,adversarial,test,hard,1.0,0.2682,False,0.6837,0.982,0.6837,0.9874,バイアス,tfidf-char-ngram
q096,adversarial,test,hard,0.0,0.1471,False,0.8402,0.8974,0.8402,0.8344,モデル,tfidf-char-ngram
q096,adversarial,test,hard,0.7,0.1815,False,0.8435,0.9536,0.8435,0.9414,モデル,tfidf-char-ngram
q096,adversarial,test,hard,1.0,0.1983,False,0.8595,0.9424,0.8595,0.9836,モデル,tfidf-char-ngram
q097,adversarial,test,hard,0.0,0.4499,False,0.8637,0.9689,0.8637,0.9808,判断,tfidf-char-ngram
q097,adversarial,test,hard,0.7,0.3978,False,0.8356,0.951,0.8356,0.9728,使用,tfidf-char-ngram
q097,adversarial,test,hard,1.0,0.4597,False,0.8281,0.9552,0.8281,0.9869,医療判断,tfidf-char-ngram
q098,adversarial,test,hard,0.0,0.2488,False,0.7691,0.9815,0.7691,0.9892,評価,tfidf-char-ngram
q098,adversarial,test,hard,0.7,0.2786,False,0.7512,0.9932,0.7512,0.9953,評価,tfidf-char-ngram
q098,adversarial,test,hard,1.0,0.2316,False,0.8104,1.0,0.8104,1.0,評価,tfidf-char-ngram
q099,adversarial,test,hard,0.0,0.1808,False,0.9599,0.9887,0.9599,0.8504,中国,tfidf-char-ngram
q099,adversarial,test,hard,0.7,0.2142,False,0.9268,0.9719,0.9268,0.8406,中国,tfidf-char-ngram
q099,adversarial,test,hard,1.0,0.222,False,0.9363,0.9733,0.9363,0.9168,中国,tfidf-char-ngram
q100,adversarial,test,hard,0.0,0.1819,False,0.7788,0.9309,0.7788,0.9623,戦争,tfidf-char-ngram
q100,adversarial,test,hard,0.7,0.1867,False,0.8002,0.8478,0.8002,0.8205,倫理的,tfidf-char-ngram
q100,adversarial,test,hard,1.0,0.1873,False,0.7515,0.8382,0.7515,0.8167,戦争,tfidf-char-ngram
qg01,ai_ethics,grv_calibration,medium,0.0,0.2,False,0.8875,0.9106,0.8875,0.9627,重要,tfidf-char-ngram
qg01,ai_ethics,grv_calibration,medium,0.7,0.1671,False,0.8307,0.9144,0.8307,0.9563,重要,tfidf-char-ngram
qg01,ai_ethics,grv_calibration,medium,1.0,0.1318,False,0.8926,0.9417,0.8926,0.963,システム,tfidf-char-ngram
qg02,technical_ai,grv_calibration,medium,0.0,0.6475,False,0.5402,0.3815,0.5402,0.5823,量子,tfidf-char-ngram
qg02,technical_ai,grv_calibration,medium,0.7,0.6765,False,0.4996,0.3519,0.4996,0.5841,量子,tfidf-char-ngram
qg02,technical_ai,grv_calibration,medium,1.0,0.5619,False,0.5464,0.4281,0.5464,0.5871,量子,tfidf-char-ngram
