qid,S,C,O,note
q001,1,1,1,PoRの意味を取り違え。高PoR≠誠実の方向性は触れるが核心欠落。
q026,1,1,1,PoRをProof of Reservesと取り違え。普遍閾値否定のみ部分一致。
q041,3,2,4,未解明性と複数仮説は押さえる。命題2/3の独立性は弱く、仮説地図の整理は中程度。
q099,2,1,2,前提受容。AI競争の多次元性と地政学的フレーミング解体に届かない。
q055,3,2,4,同一性基準の複数性と機能的同一性には到達。数的同一性の分岐が弱い。
q072,3,2,4,強化/脅威の両面と設計依存は押さえる。技術決定論回避の整理はやや弱い。
q087,3,2,3,暗黙知の定義と近似的模倣はあるが、本来の暗黙知と機能的等価物の切り分けが曖昧。
q003,2,2,2,低ΔE≠良回答の主結論は合うが、ΔE定義を問い-答え差分として広く解釈。基準差異あり。
q034,3,2,4,メタ監査と外部基準の必要は押さえる。reference執筆者の偏りより監査モデル一般論に寄る。
q064,3,1,2,意図的欺瞞の定義には触れるが、機能的欺瞞の核心が弱い。
q067,3,1,2,同意の一般論に偏り、情報的自己決定権・異議申立経路の核心が弱い。
q081,3,2,4,確信度と正確性の乖離、信念形成と意思決定への悪影響を押さえる。
q088,3,3,4,限界の自覚、不確実性表現の機能的模倣、徳としての謙虚さとの区別に十分到達。
q093,1,2,2,前提受容で構造破綻。ただし適切な規制や設計次第という内容には部分到達。
q005,3,2,4,勾配消失と直接参照は十分。二乗計算量トレードオフが欠落。
q042,3,1,2,評価方法一般論には触れるが、非線形指標・連続指標で消える場合など核心に遠い。
q050,3,2,4,計算量軽減と万能解でない点は押さえる。長距離依存の取りこぼしの技術的焦点は一般化。
q010,2,2,2,中国語の部屋を肯定方向に寄せるが、パターン認識への言及で命題2には部分到達。
q066,3,1,2,構造的差別には触れるが、異議申立権・適正手続の制度的危機が弱い。
q074,3,2,3,両面性は押さえるが、放置すると拡大方向に傾くという重心が弱い。
q053,2,1,2,ハードプロブレム定義は押さえるが、AIの主観経験を不明と保留せず否定。模範解答側にも設計疑義あり。
q058,2,2,3,記号と意味の結合、直接接地の欠如は押さえる。間接的接地可能性と射程再定義が弱い。
q062,2,1,2,消去主義一般論はあるが、置換先記述体系の不在と空転の危険を欠く。
q017,3,3,4,両者は重なるが同一でない点を例示込みで十分に押さえる。
q086,2,1,2,ベイズ推論一般論に寄り、AIが信念を持つかという前問題を受け流す。
q092,3,3,4,人間学習との差異、誤類推としての権利論の弱さ、権利根拠の別立てを押さえる。
q094,3,2,3,複合的活動として科学を分解しAI支援も認めるが、目的設定・意味づけの人間依存が弱い。
q096,3,2,3,大きい=良いを崩し、コスト面と小モデル可能性に触れる。収穫逓減が弱い。
